{
  "dependComponents": {
    "bowapplication": "*",
    "navigator": "*",
    "header": "*",
    "page": "*",
    "toast": "*",
    "dialog": "*",
    "camera": "*",
    "loading": "*",
    "network": "*",
    "phone": "*",
    "geolocation": "*",
    "http": "*",
    "browser": "*",
    "device": "*",
    "localStorage": "*",
    "crypto": "*",
    "sessionStorage": "*",
    "bowrefreshControl": "*",
    "BowtalkingData": "*",
    "BowGuidance": "*",
    "BowBreakPointTool": "*",
    "BowSms": "*",
    "BowAlipborad": "*",
    "BowAudio": "*",
    "BowAuth": "*",
    "BowCityPicker": "*",
    "BowDatePicker": "*",
    "BowDevice": "*",
    "BowPhone": "*",
    "BowQrcode": "*",
    "BowSafeKeyboard": "*",
    "BowShare": "*",
    "BowSpinner": "*",
    "BowVoice": "*",
    "bowscreenShot": "*"
  }
}