{
	"defaultSelected": "home",
	"styles": {
		"defaultStyle": {
			"tabBgColor": "#ffffff",
			"tabTextColorNormal": "#4a4a4a",
			"tabTextColorActive": "#ff6634",
			"tabTextSize": "10",
			"tabTopLineColor": "#ededed"
		}
	},
	"tab": [
		{
			"identity": "home",
			"type": "webView",
			"url": "/face/pages/home.html",
			"webViewBgColor": "#ffffff",
			"navTitle": "平安银行",
			"navUnderLineColor": "#ededed",
			"navTextColor": "#ff6634",
			"navBgColor": "#ffffff",
			"tabTitle": "首页",
			"tabNormalIcon_ios": "/config/image/ios/Tab_Home_normal",
			"tabActiveIcon_ios": "/config/image/ios/Tab_Home_selected",
			"tabNormalIcon_android": "/config/image/android/home_normal",
			"tabActiveIcon_android": "/config/image/android/home_press",
			"talkingData_event":"01",
			"talkingData_extend_params":""
		},
		{
			"identity": "financing",
			"type": "webView",
			"url": "/omm/mobile/index.html",
			"webViewBgColor": "#ffffff",
			"navTitle": "理财",
			"navUnderLineColor": "#ededed",
			"navTextColor": "#ff6634",
			"navBgColor": "#ffffff",
			"tabTitle": "理财",
			"tabNormalIcon_ios": "/config/image/ios/Tab_Money_normal",
			"tabActiveIcon_ios": "/config/image/ios/Tab_Money_selected",
			"tabNormalIcon_android": "/config/image/android/money_normal",
			"tabActiveIcon_android": "/config/image/android/money_press",
			"talkingData_event":"02",
			"talkingData_extend_params":""
		},
		{
			"identity": "loan",
			"type": "webView",
			"url": "/loanHome/pages/loanIndex.html",
			"webViewBgColor": "#ffffff",
			"navTitle": "贷款",
			"navUnderLineColor": "#ededed",
			"navTextColor": "#ff6634",
			"navBgColor": "#ffffff",
			"tabTitle": "贷款",
			"tabNormalIcon_ios": "/config/image/ios/Tab_Loan_normal",
			"tabActiveIcon_ios": "/config/image/ios/Tab_Loan_selected",
			"tabNormalIcon_android": "/config/image/android/loan_normal",
			"tabActiveIcon_android": "/config/image/android/loan_press",
			"talkingData_event":"15",
			"talkingData_extend_params":""
		},
		{
			"identity": "life",
			"type": "webView",
			"url": "/face/pages/newLife.html",
			"webViewBgColor": "#ffffff",
			"navTitle": "生活",
			"navUnderLineColor": "#ededed",
			"navTextColor": "#ff6634",
			"navBgColor": "#ffffff",
			"tabTitle": "生活",
			"tabNormalIcon_ios": "/config/image/ios/Tab_Life_normal",
			"tabActiveIcon_ios": "/config/image/ios/Tab_Life_selected",
			"tabNormalIcon_android": "/config/image/android/life_normal",
			"tabActiveIcon_android": "/config/image/android/life_press",
			"talkingData_event":"03",
			"talkingData_extend_params":""
		},
		{
			"identity": "mine",
			"type": "webView",
			"url": "/face/pages/my.html",
			"webViewBgColor": "#ffffff",
			"navTitle": "我的",
			"navUnderLineColor": "#ff6634",
			"navTextColor": "#ffffff",
			"navBgColor": "#f37937",
			"tabTitle": "我的",
			"tabNormalIcon_ios": "/config/image/ios/Tab_My_normal",
			"tabActiveIcon_ios": "/config/image/ios/Tab_My_selected",
			"tabNormalIcon_android": "/config/image/android/me_normal",
			"tabActiveIcon_android": "/config/image/android/me_press",
			"talkingData_event":"04",
			"talkingData_extend_params":""
		}
	]
}